date,req,company,position,location,reply,interview,offer
1-Jun,308022,Amazon,Software Development Engineer,Austin,,,
1-Jun,308834,Amazon,Prime Now Software Engineer,Austin,,,
1-Jun,313007,Amazon,Software Development Engineer,Austin,,,
1-Jun,327212,Amazon,Security Engineer,Austin,,,
1-Jun,327432,Amazon,"Software Development Engineer, Prime Now Delivery Experience",Austin,,,
1-Jun,329011,Amazon,Software Development Engineer,Austin,,,
1-Jun,QHP-929,Atlassian,Platform Dev,Austin,,,
1-Jun,1310,Atlassian,Python Developer,Austin,,,
1-Jun,QHP-1683,Atlassian,Security Analyst,Austin,,,
1-Jun,QHP-1681,Atlassian,Security Engineer,Austin,,,
1-Jun,1944,Atlassian,Support Engineer,Austin,,,
1-Jun,25367,Rackspace,Software Developer in test,Austin,,,
1-Jun,27166,Rackspace,Front-End Software Developer,Austin,,,
1-Jun,27613,Rackspace,"Software Developer, Cloud Intelligence",Austin,,,
1-Jun,n/a,Rackspace,OpenStack Engineer,Austin,,,
1-Jun,24632,Rackspace,DevOps Engineer,Austin,,,
1-Jun,DEV,Rackspace,Software Developer,Austin,,,
1-Jun,NetSecAUS,Rackspace,Network Security Administrator,Austin,,,
1-Jun,DevOps,Rackspace,DevOps Engineer,Austin,,,
1-Jun,n/a,RetailMeNot,Data Warehouse Engineer,Austin,,,
